"day","cans","prediction","hours","truckhours"
"MONDAY",8540,139037.10595,38.62,6.4369030532407407
"THURSDAY",8545,143505.07830,39.86,6.6437536250000000
"TUESDAY",7022,117864.36077,32.74,5.4566833689814815
"WEDNESDAY",7930,135167.17637,37.55,6.2577396467592593
