day,Pickup Time,Transfer Dropoff
"TRUCK 1",6.03,0.3915174722
"TRUCK 2",6.24,0.4522491361
"TRUCK 3",6.50,0.4498072972
"TRUCK 4",6.01,0.54578875
"TRUCK 5",6.50,0.4498072972
"TRUCK 6",6.01,0.54578875