day,Pickup Time,Transfer Dropoff
"MONDAY",6.44,0.4086311357
"TUESDAY",5.46,0.4522491361
"WEDNESDAY",6.26,0.4498072972
"THURSDAY",6.64,0.4498072972
