"day","truck","cans","prediction","hours","truckhours"
"MONDAY","TRUCK 1",1324,22283.60992,6.19,1.03164860740740740000
"MONDAY","TRUCK 6",1349,21289.83095,5.91,0.98564032175925926667
"MONDAY","TRUCK 3",1339,21976.08886,6.10,1.01741152129629630000
"MONDAY","TRUCK 5",1307,21015.44093,5.84,0.97293708009259260000
"MONDAY","TRUCK 2",1285,22067.37415,6.13,1.02163769212962963333
"MONDAY","TRUCK 4",1411,21734.99728,6.04,1.00624987407407406667
