day,truck,cans,prediction,hours
MONDAY,TRUCK 1,1349,25487.01059,7.08
MONDAY,TRUCK 2,1324,25167.31471,6.99
MONDAY,TRUCK 3,1347,24674.28562,6.85
MONDAY,TRUCK 4,1439,23999.68072,6.67
MONDAY,TRUCK 5,1318,23665.27277,6.58
MONDAY,TRUCK 6,1365,24268.13217,6.74
