day,truck,cans,prediction,hours
MONDAY,TRUCK 1,1349,22257.71003,6.18
MONDAY,TRUCK 2,1324,22067.37415,6.13
MONDAY,TRUCK 3,1347,21976.08886,6.10
MONDAY,TRUCK 4,1439,21734.99728,6.04
MONDAY,TRUCK 5,1318,21015.44093,5.84
MONDAY,TRUCK 6,1365,21296.53053,5.92

