"day","cans","prediction","hours","truckhours"
"WEDNESDAY",7907,132028.59303,36.67,6.1124348625000000
"MONDAY",8015,130367.34209,36.21,6.0355250967592593
"THURSDAY",8271,138293.30274,38.41,6.4024677194444445
"TUESDAY",7844,134884.48353,37.47,6.2446520152777778
