day,truck,cans,prediction,hours
THURSDAY,TRUCK 1,1279,25149.01916,6.986941733
THURSDAY,TRUCK 2,1453,26636.67903,7.4002565
THURSDAY,TRUCK 3,1367,24940.11186,6.928426
THURSDAY,TRUCK 4,1241,26319.37368,7.309975733
THURSDAY,TRUCK 5,1308,24724.97969,6.8717257
THURSDAY,TRUCK 6,1244,25587.65013,7.112139333
