"day","truck","cans","prediction","hours","truckhours"
"THURSDAY","TRUCK 5",1341,23517.86688,6.53,1.08879013333333333333
"THURSDAY","TRUCK 2",1432,22834.66794,6.34,1.05716055277777778333
"THURSDAY","TRUCK 4",1466,23324.49080,6.48,1.07983753703703703333
"THURSDAY","TRUCK 1",1330,22637.14653,6.29,1.04801604305555555000
"THURSDAY","TRUCK 3",1404,22808.51255,6.34,1.05594965509259260000
"THURSDAY","TRUCK 6",1298,23170.61804,6.44,1.07271379814814815000
