day,truck,cans,prediction,hours
THURSDAY,TRUCK 1,1330,22637.14653,6.29
THURSDAY,TRUCK 2,1432,22834.66794,6.34
THURSDAY,TRUCK 3,1404,22808.51255,6.34
THURSDAY,TRUCK 4,1466,23324.4908,6.48
THURSDAY,TRUCK 5,1341,23517.86688,6.53
THURSDAY,TRUCK 6,1298,23170.61804,6.44
