day,truck,cans,prediction,hours
TUESDAY,TRUCK 1,1384,22911.85182,6.36
TUESDAY,TRUCK 2,1469,22606.20666,6.28
TUESDAY,TRUCK 3,1462,22944.70876,6.37
TUESDAY,TRUCK 4,1094,21899.30186,6.08
TUESDAY,TRUCK 5,1231,22189.35002,6.16
TUESDAY,TRUCK 6,1204,22333.06441,6.2
