day,truck,cans,prediction,hours
TUESDAY,TRUCK 1,1391,22894.86458,6.36
TUESDAY,TRUCK 2,1470,22606.20666,6.28
TUESDAY,TRUCK 3,1458,22934.73708,6.37
TUESDAY,TRUCK 4,1121,21890.43020,6.08
TUESDAY,TRUCK 5,1237,22188.51638,6.16
TUESDAY,TRUCK 6,1207,22333.06441,6.20
