"day","truck","cans","prediction","hours","truckhours"
"TUESDAY","TRUCK 5",1231,22189.35002,6.16,1.02728472314814815000
"TUESDAY","TRUCK 2",1469,22606.20666,6.28,1.04658364166666666667
"TUESDAY","TRUCK 4",1094,21899.30186,6.08,1.01385656759259260000
"TUESDAY","TRUCK 1",1384,22911.85182,6.36,1.06073388055555555000
"TUESDAY","TRUCK 3",1462,22944.70876,6.37,1.06225503518518518333
"TUESDAY","TRUCK 6",1204,22333.06441,6.20,1.03393816712962963333
