day,truck,cans,prediction,hours
WEDNESDAY,TRUCK 1,1595,23731.02711,6.59
WEDNESDAY,TRUCK 2,1537,23272.69768,6.46
WEDNESDAY,TRUCK 3,1412,23956.26006,6.65
WEDNESDAY,TRUCK 4,1365,23517.37146,6.53
WEDNESDAY,TRUCK 5,1301,23183.23505,6.44
WEDNESDAY,TRUCK 6,1308,22716.90308,6.31
