"day","truck","cans","prediction","hours","truckhours"
"WEDNESDAY","TRUCK 6",1256,22171.07491,6.16,1.02643865324074073333
"WEDNESDAY","TRUCK 3",1291,21253.01496,5.90,0.98393587777777778333
"WEDNESDAY","TRUCK 1",1461,22131.20976,6.15,1.02459304444444445000
"WEDNESDAY","TRUCK 2",1381,22208.10481,6.17,1.02815300046296296667
"WEDNESDAY","TRUCK 4",1292,22232.27058,6.18,1.02927178611111111667
"WEDNESDAY","TRUCK 5",1226,22032.91801,6.12,1.02004250046296296667
