day,truck,cans,prediction,hours
WEDNESDAY,TRUCK 1,1595,26368.54431,7.322643667
WEDNESDAY,TRUCK 2,1537,26232.0676,7.2820472
WEDNESDAY,TRUCK 3,1412,27551.32266,7.6486285
WEDNESDAY,TRUCK 4,1365,26848.31226,7.455261333
WEDNESDAY,TRUCK 5,1301,26476.88453,7.354902633
WEDNESDAY,TRUCK 6,1308,26332.03832,7.314204233