day,truck,cans,prediction,hours
WEDNESDAY,TRUCK 1,1595,26368.54431,7.32
WEDNESDAY,TRUCK 2,1537,26232.0676,7.28
WEDNESDAY,TRUCK 3,1412,27551.32266,7.65
WEDNESDAY,TRUCK 4,1365,26848.31226,7.46
WEDNESDAY,TRUCK 5,1301,26476.88453,7.35
WEDNESDAY,TRUCK 6,1308,26332.03832,7.31
